ISO	SOV	SVO	OSV	OVS	VSO	VOS	MAX	WALS
aai	57	8	11	6	1	2	SOV	_
aak	77	16	20	30	5	9	SOV	_
aau	31	1	7	0	1	0	SOV	SOV
abt	29	6	4	8	1	1	SOV	SOV
aby	50	11	10	10	5	5	SOV	_
acc	4	19	5	1	2	2	SVO	_
acd	5	22	3	1	1	2	SVO	_
ace	3	50	8	5	6	6	SVO	No dominant order
acf	9	46	12	1	0	1	SVO	_
acn	57	2	17	11	2	1	SOV	_
acr	4	16	3	2	2	2	SVO	_
acu	18	2	3	0	0	2	SOV	_
ade	9	53	9	2	8	6	SVO	_
adh	16	61	3	1	5	10	SVO	_
adj	7	28	9	2	6	5	SVO	SVO
adz	42	13	11	9	7	5	SOV	SVO
aey	64	9	5	4	5	1	SOV	SOV
afr	315	85	45	13	37	2	SOV	_
agd	56	14	18	25	10	6	SOV	SOV
agg	37	7	8	3	3	0	SOV	SOV
agn	5	27	3	3	22	6	SVO	_
agr	11	4	3	2	1	1	SOV	_
agu	2	13	0	4	10	2	SVO	_
agw	1	37	3	1	0	0	SVO	_
ahk	16	4	12	10	1	0	SOV	SOV
aia	9	32	7	2	2	4	SVO	SVO
akb	7	19	4	6	36	5	VSO	_
ake	33	7	5	13	8	4	SOV	_
akh	19	3	3	2	3	0	SOV	_
aln	32	72	14	4	2	4	SVO	SVO
alp	6	31	8	3	4	2	SVO	SVO
alq	11	15	2	2	3	1	SVO	_
als	27	70	14	4	1	3	SVO	_
alt	62	2	9	32	3	1	SOV	_
alz	4	59	8	2	2	2	SVO	_
ame	6	11	2	1	3	2	SVO	_
amh	30	2	3	6	0	1	SOV	SOV
amm	8	1	0	0	1	0	SOV	_
amn	58	11	9	3	7	1	SOV	SOV
amp	13	7	2	1	3	1	SOV	SOV
amr	9	5	5	5	0	1	SOV	_
amu	5	20	2	4	13	8	SVO	_
ann	9	36	7	0	1	6	SVO	SVO
anv	8	35	5	2	9	6	SVO	_
aoj	15	69	11	2	6	7	SVO	SVO
aom	26	9	7	2	7	1	SOV	_
aon	10	26	5	0	1	3	SVO	_
aoz	9	66	9	1	4	9	SVO	_
ape	16	24	5	1	3	5	SVO	SVO
apn	5	5	1	2	1	1	SOV	SOV
apu	5	13	1	1	2	0	SVO	SVO
apw	29	3	8	5	4	1	SOV	SOV
apy	7	3	3	13	0	2	OVS	No dominant order
apz	22	9	4	1	1	0	SOV	_
arl	14	3	4	1	2	0	SOV	_
arn	8	46	10	7	13	4	SVO	SVO
aso	52	9	18	13	5	8	SOV	_
ata	7	46	7	0	8	3	SVO	_
atg	6	37	8	0	3	2	SVO	_
auc	20	1	8	6	1	0	SOV	SOV
auy	4	4	2	1	0	0	SOV	_
ava	38	18	9	18	19	2	SOV	SOV
avt	19	56	7	3	7	8	SVO	SVO
avu	6	1	5	3	0	1	SOV	No dominant order
awa	68	13	5	7	5	1	SOV	_
awb	33	14	10	6	7	2	SOV	SOV
ayo	7	18	2	2	5	3	SVO	SVO
ayr	57	8	9	3	3	1	SOV	_
aze	91	2	3	25	1	0	SOV	_
azg	2	8	4	1	7	4	SVO	_
azz	3	19	3	0	4	1	SVO	_
bam	50	16	4	3	0	1	SOV	SOV
ban	7	35	0	6	5	3	SVO	_
bao	26	4	24	6	0	5	SOV	_
bav	2	41	5	1	2	3	SVO	SVO
bbb	23	12	6	2	9	2	SOV	SOV
bbc	0	28	4	4	54	7	VSO	VOS
bbr	21	0	3	0	0	0	SOV	_
bcl	1	26	4	12	53	17	VSO	_
bcn	16	59	4	7	31	10	SVO	_
bcw	0	11	2	1	2	1	SVO	_
bdd	1	0	1	0	1	2	VOS	_
bef	35	10	9	8	5	3	SOV	_
bex	15	43	4	4	4	13	SVO	SVO
bfd	6	68	2	1	4	5	SVO	SVO
bgr	38	15	28	13	2	0	SOV	SOV
bgz	3	48	2	1	4	1	SVO	_
bhl	9	1	1	0	0	0	SOV	_
bhp	4	57	4	0	10	4	SVO	_
bib	27	10	4	1	1	0	SOV	_
big	48	13	8	3	3	3	SOV	_
bim	8	32	4	1	1	2	SVO	SVO
bis	3	17	7	0	1	1	SVO	_
biv	12	48	7	0	4	2	SVO	_
bjr	32	6	4	5	6	5	SOV	_
bjv	4	19	3	4	2	6	SVO	_
bkq	4	1	1	4	3	1	SOV	_
bku	4	43	7	2	2	5	SVO	_
bkv	14	40	3	2	3	4	SVO	_
blh	20	28	6	2	0	1	SVO	_
blz	5	51	9	3	3	4	SVO	_
bmh	21	5	1	0	2	0	SOV	_
bmr	39	7	11	6	4	0	SOV	_
bmu	36	11	5	7	2	3	SOV	_
bng	20	6	10	6	2	0	SOV	_
bnj	6	29	1	1	16	3	SVO	_
bnp	4	32	4	0	3	2	SVO	_
boa	14	12	5	4	9	4	SOV	_
boj	38	4	3	7	3	1	SOV	_
bon	49	8	2	0	2	0	SOV	_
box	8	42	8	1	2	3	SVO	_
bpr	3	26	1	1	15	3	SVO	_
bps	4	17	2	1	14	4	SVO	_
bqc	50	16	10	4	2	1	SOV	SOV
bre	9	86	8	1	30	11	SVO	SVO
bru	6	27	2	1	0	2	SVO	_
bsn	5	0	0	9	1	2	OVS	No dominant order
bss	10	38	10	0	5	9	SVO	_
btd	4	14	2	5	27	3	VSO	_
bth	5	52	8	2	1	3	SVO	_
bts	4	17	3	4	44	6	VSO	_
btx	3	23	1	6	11	9	SVO	No dominant order
bua	50	4	8	12	2	3	SOV	_
bud	20	49	13	3	3	5	SVO	SVO
bug	8	25	3	4	10	3	SVO	SVO
buk	9	30	2	1	0	4	SVO	_
bul	43	68	6	8	8	6	SVO	SVO
bvr	8	24	2	0	2	0	SVO	SOV
bvz	13	2	1	1	3	0	SOV	SOV
bwq	36	12	2	8	2	2	SOV	_
bwu	9	25	0	2	4	4	SVO	SVO
bxr	46	2	10	17	0	1	SOV	_
byr	28	6	8	7	1	1	SOV	_
byx	0	20	0	0	3	0	SVO	_
bzd	25	8	3	9	3	2	SOV	SOV
bzh	11	26	3	1	0	4	SVO	_
bzj	6	48	8	0	1	3	SVO	_
caa	12	27	4	2	5	10	SVO	_
cab	4	6	7	3	24	8	VSO	VSO
cac	5	14	4	3	5	12	SVO	VOS
caf	19	2	1	4	1	0	SOV	_
cak	32	108	5	13	16	14	SVO	_
cao	5	4	17	13	0	2	OSV	No dominant order
cap	51	2	8	2	2	1	SOV	SOV
car	22	6	5	21	5	3	SOV	SOV
cas	5	9	4	4	5	1	SVO	SVO
cat	72	151	26	19	6	8	SVO	SVO
cav	9	3	2	2	2	1	SOV	No dominant order
cax	7	28	1	6	17	4	SVO	_
cbc	3	2	3	0	0	2	SOV	_
cbi	27	1	7	3	1	2	SOV	SOV
cbm	1	17	1	3	3	3	SVO	_
cbr	14	3	4	1	4	1	SOV	SOV
cbs	22	10	9	9	4	5	SOV	_
cbt	2	0	0	0	0	0	SOV	_
cbu	3	1	0	0	0	0	SOV	SOV
cbv	5	1	9	1	0	1	OSV	_
cce	26	52	5	2	3	3	SVO	_
cco	2	15	0	3	7	5	SVO	VSO
ceb	14	145	13	23	102	31	SVO	VSO
ces	69	117	32	17	40	18	SVO	SVO
cfm	41	12	12	3	1	3	SOV	_
cha	7	59	15	5	9	14	SVO	VSO
chd	5	9	0	0	0	1	SVO	_
che	41	18	5	13	4	3	SOV	SOV
chf	7	32	5	4	5	5	SVO	SVO
chq	11	25	3	6	11	3	SVO	VSO
chr	10	21	4	4	5	5	SVO	No dominant order
chu	21	57	12	7	23	24	SVO	_
chz	7	23	3	5	13	3	SVO	_
cjo	1	6	0	1	5	1	SVO	_
cjp	55	13	4	8	3	0	SOV	_
cjv	44	13	8	6	1	1	SOV	_
cke	3	13	4	3	1	2	SVO	_
ckf	8	17	1	3	3	3	SVO	VOS
cki	8	20	2	1	0	2	SVO	_
ckk	2	11	1	1	1	2	SVO	_
cko	4	29	5	0	1	0	SVO	SVO
ckw	4	12	0	0	4	2	SVO	_
cle	5	17	1	1	12	9	SVO	VOS
cme	8	29	2	3	3	4	SVO	SVO
cmn	44	112	6	0	3	5	SVO	SVO
cnh	34	11	21	8	3	0	SOV	SOV
cni	0	1	0	1	2	1	VSO	No dominant order
cnk	38	7	24	17	4	4	SOV	_
cnl	0	1	0	0	1	1	SVO	_
cnm	4	7	6	4	4	5	SVO	_
cnt	0	5	0	0	6	0	VSO	_
cnw	20	6	12	23	4	4	OVS	_
coe	12	3	3	21	6	5	OVS	VSO
cof	18	4	4	3	0	0	SOV	SOV
cok	4	8	1	3	1	0	SVO	_
con	48	8	10	6	7	0	SOV	_
cot	3	12	1	2	2	1	SVO	_
cpa	1	8	1	5	14	5	VSO	VSO
cpb	1	5	0	2	6	1	VSO	_
cpc	1	0	1	0	0	6	VOS	_
cpu	3	6	0	2	4	3	SVO	_
crm	15	44	2	2	2	3	SVO	_
crn	10	39	9	2	9	3	SVO	VSO
crt	2	8	2	1	4	1	SVO	_
crx	26	6	6	2	2	1	SOV	_
csk	9	24	5	0	6	7	SVO	_
cso	2	15	3	8	16	8	VSO	_
csy	27	1	11	12	0	3	SOV	_
cta	0	1	1	3	11	1	VSO	_
ctd	32	7	12	17	3	0	SOV	_
ctp	1	2	1	4	5	0	VSO	VSO
ctu	22	61	14	6	8	8	SVO	_
cub	5	11	3	3	7	1	SVO	OVS
cuc	1	13	0	4	16	10	VSO	_
cui	2	6	2	1	3	2	SVO	SOV
cuk	5	0	6	0	2	0	OSV	_
cut	2	8	1	2	10	5	VSO	_
cux	8	23	1	4	9	3	SVO	_
cwt	6	25	4	1	6	2	SVO	_
cya	4	18	1	7	10	5	SVO	_
cym	49	278	17	25	118	31	SVO	VSO
czt	26	8	20	19	3	9	SOV	_
daa	13	25	6	1	1	3	SVO	_
dad	44	7	4	2	0	1	SOV	_
daf	4	0	2	1	1	0	SOV	SOV
dah	16	5	4	16	2	3	SOV	_
dan	23	340	47	6	78	2	SVO	SVO
ded	47	15	10	5	2	2	SOV	_
des	14	2	3	4	2	0	SOV	SOV
deu	1043	787	224	52	349	81	SOV	No dominant order
dgi	12	47	0	0	4	1	SVO	_
dgr	25	5	1	11	1	4	SOV	_
dgz	38	9	14	11	2	1	SOV	SOV
dhm	33	43	5	1	4	2	SVO	_
dig	11	33	3	1	4	4	SVO	_
dik	25	19	13	7	10	2	SOV	_
dip	34	22	6	5	8	1	SOV	No dominant order
dje	50	16	11	0	0	4	SOV	No dominant order
djk	4	11	6	1	1	1	SVO	SVO
djr	11	22	1	0	2	3	SVO	No dominant order
dnj	5	2	0	0	1	0	SOV	_
dob	3	0	1	0	0	0	SOV	_
dop	8	29	3	1	1	11	SVO	_
dtp	5	14	1	3	18	9	VSO	_
dts	34	3	4	3	2	0	SOV	_
dug	11	20	3	2	3	4	SVO	_
dur	4	22	1	1	2	2	SVO	_
dwr	86	3	13	6	1	0	SOV	_
dww	48	15	18	3	3	2	SOV	_
dyi	36	10	9	3	1	0	SOV	_
dyo	6	31	5	0	3	2	SVO	SVO
dyu	43	14	2	2	1	0	SOV	_
ell	94	185	7	50	51	44	SVO	No dominant order
emp	54	6	7	10	3	1	SOV	_
enb	9	7	0	0	3	3	SOV	_
eng	41	1531	243	22	67	14	SVO	SVO
enm	12	331	47	8	18	14	SVO	_
epo	30	125	19	3	0	3	SVO	_
erv	10	4	1	10	0	5	SOV	_
ese	12	3	1	1	2	0	SOV	SOV
esk	4	15	1	0	3	2	SVO	_
est	116	224	41	10	33	9	SVO	SVO
eus	71	122	20	39	70	25	SVO	SOV
ewe	12	38	6	5	7	10	SVO	SVO
faa	13	1	4	2	0	1	SOV	_
fai	37	12	8	7	5	0	SOV	_
fal	5	45	2	3	5	4	SVO	_
fao	9	122	16	2	34	1	SVO	_
fij	6	37	3	4	10	26	SVO	No dominant order
fin	103	298	58	10	21	9	SVO	SVO
fiz	36	31	9	4	6	6	SOV	_
flm	39	11	20	9	2	3	SOV	_
for	19	2	1	3	0	1	SOV	SOV
fra	277	601	62	8	23	8	SVO	SVO
fub	7	64	4	1	1	3	SVO	SVO
fuf	7	76	4	2	5	7	SVO	_
fuv	8	45	8	3	3	3	SVO	_
gag	64	100	11	13	2	12	SVO	_
gah	35	9	4	5	3	5	SOV	SOV
gaw	29	2	5	2	1	0	SOV	_
gbi	13	9	6	1	4	5	SOV	_
gbo	28	29	7	1	3	4	SVO	_
gde	5	25	3	1	12	2	SVO	VSO
gdn	21	6	4	7	6	1	SOV	_
gdr	59	17	3	2	4	1	SOV	_
gej	14	48	5	2	2	3	SVO	_
gfk	3	47	4	0	3	1	SVO	_
ghs	64	17	10	16	12	5	SOV	SOV
gil	1	34	7	2	7	20	SVO	VOS
giz	8	38	4	0	0	2	SVO	_
gkn	21	36	3	1	6	2	SVO	SVO
gkp	45	24	9	4	1	2	SOV	_
gle	19	30	2	12	66	15	VSO	VSO
gmv	93	6	10	16	2	1	SOV	_
gnd	3	8	1	0	0	2	SVO	_
gng	2	24	1	0	1	2	SVO	_
gnw	6	27	3	1	5	2	SVO	_
gof	84	7	14	11	1	0	SOV	_
gog	6	34	4	1	2	1	SVO	_
gor	9	65	1	2	4	5	SVO	_
grc	73	199	19	33	54	81	SVO	_
grk	19	77	8	8	25	28	SVO	_
gso	3	51	2	0	0	0	SVO	_
gub	2	3	0	4	3	3	OVS	VSO
guc	3	4	1	4	5	2	VSO	VSO
gug	9	36	5	1	10	6	SVO	SVO
guh	3	4	0	0	1	1	SVO	SOV
gui	7	31	4	3	7	6	SVO	_
guj	21	5	4	0	1	2	SOV	SOV
gul	7	37	7	1	2	0	SVO	_
gum	35	5	11	13	1	1	SOV	_
gun	22	31	16	13	3	4	SVO	_
guo	4	4	1	1	0	0	SOV	_
gur	7	39	1	0	4	2	SVO	_
gux	5	63	4	0	1	5	SVO	_
guz	2	24	0	3	2	2	SVO	_
gvc	10	3	4	6	2	1	SOV	_
gvf	11	3	3	6	1	0	SOV	SOV
gvn	35	4	1	0	0	1	SOV	SOV
gwi	19	9	4	11	6	2	SOV	_
gym	6	4	3	5	1	0	SOV	SOV
gyr	7	23	3	7	6	8	SVO	_
hae	58	7	8	7	1	2	SOV	SOV
hag	6	24	1	0	0	2	SVO	_
hak	14	46	1	2	4	2	SVO	SVO
hat	10	43	5	0	5	4	SVO	_
hau	4	79	7	0	1	5	SVO	SVO
haw	3	21	2	2	35	3	VSO	VSO
hay	10	27	7	1	2	6	SVO	SVO
hch	9	18	5	3	4	1	SVO	SOV
heh	8	31	6	4	1	7	SVO	SVO
hif	75	9	10	6	2	1	SOV	_
hig	3	26	6	2	0	3	SVO	_
hil	4	43	7	5	42	14	SVO	VSO
hin	128	9	17	13	1	1	SOV	SOV
hix	0	0	0	0	0	0	SOV	OVS
hla	6	46	1	4	3	6	SVO	SVO
hlt	35	8	16	17	3	1	SOV	_
hmo	19	4	19	0	0	0	SOV	_
hnn	6	30	5	11	39	9	VSO	_
hns	88	12	6	7	2	0	SOV	_
hop	100	7	3	0	3	1	SOV	SOV
hot	24	35	7	2	7	7	SVO	_
hrv	102	144	44	17	33	23	SVO	SVO
hto	28	5	5	2	1	0	SOV	SOV
hub	9	5	4	1	1	4	SOV	_
hui	60	7	12	14	4	3	SOV	_
hun	17	50	11	4	15	16	SVO	No dominant order
hus	23	44	16	6	10	15	SVO	_
huu	17	1	5	2	1	0	SOV	SOV
huv	9	31	0	1	5	6	SVO	SVO
hva	10	21	4	2	6	5	SVO	_
hvn	2	12	2	4	16	5	VSO	_
hwc	2	38	5	1	1	2	SVO	_
hye	56	102	12	12	5	5	SVO	No dominant order
ian	24	2	8	10	1	1	SOV	SOV
iba	1	63	1	6	2	1	SVO	SVO
ibo	10	80	11	0	2	2	SVO	SVO
ifb	3	28	5	8	19	9	SVO	_
ifk	9	24	10	7	20	13	SVO	_
ifu	2	22	1	6	22	7	SVO	_
ify	4	15	10	8	30	13	VSO	_
ign	2	12	5	6	4	5	SVO	_
ike	12	1	2	0	0	0	SOV	_
ilo	2	21	1	4	28	9	VSO	VSO
imo	32	8	6	13	3	2	SOV	_
inb	3	1	6	15	2	1	OVS	_
ind	70	729	58	42	60	46	SVO	SVO
ino	27	9	9	16	5	5	SOV	_
iou	24	10	9	7	5	4	SOV	_
ipi	9	2	1	1	0	0	SOV	_
irk	40	5	13	3	0	2	SOV	SOV
iry	5	33	8	16	17	7	SVO	_
isl	11	108	10	2	22	4	SVO	SVO
ita	97	189	22	4	9	9	SVO	SVO
itv	3	16	1	4	41	6	VSO	_
iws	28	11	2	0	2	1	SOV	_
ixi	2	13	3	4	12	4	SVO	VSO
ixl	6	28	5	2	24	9	SVO	_
izr	35	34	3	0	7	3	SOV	_
jac	10	19	7	3	7	9	SVO	VSO
jae	19	68	5	1	1	10	SVO	SVO
jam	10	44	6	2	2	2	SVO	_
jav	3	25	2	7	3	2	SVO	_
jbu	11	20	8	3	5	5	SVO	SVO
jic	5	8	2	4	3	2	SVO	_
jiv	33	4	4	8	3	2	SOV	SOV
jmc	4	38	6	1	7	3	SVO	_
jpn	38	4	4	9	0	0	SOV	SOV
jvn	5	37	6	3	2	1	SVO	_
kaa	77	2	8	4	0	0	SOV	SOV
kac	14	2	8	12	0	0	SOV	SOV
kal	39	6	6	4	0	0	SOV	SOV
kan	54	6	9	10	2	1	SOV	SOV
kao	53	11	3	3	0	1	SOV	SOV
kaq	21	9	7	12	5	2	SOV	_
kaz	64	4	4	9	2	1	SOV	_
kbc	3	17	1	4	3	2	SVO	SVO
kbh	23	5	3	1	2	2	SOV	No dominant order
kbm	11	20	1	0	4	1	SVO	_
kbp	4	18	9	2	3	4	SVO	SVO
kbr	27	3	9	18	3	3	SOV	_
kdl	5	42	6	0	4	4	SVO	_
kek	5	34	4	3	2	8	SVO	_
ken	12	43	5	2	6	6	SVO	_
kew	64	4	12	12	4	3	SOV	SOV
kez	10	22	5	3	4	2	SVO	_
kgf	69	17	14	20	9	5	SOV	_
kgk	3	5	3	0	1	3	SVO	_
kgp	14	2	2	2	0	0	SOV	SOV
khk	131	9	25	15	3	2	SOV	SOV
khz	38	5	9	2	0	3	SOV	_
kia	5	37	5	0	1	2	SVO	_
kik	3	55	2	1	6	2	SVO	SVO
kin	8	27	4	0	3	4	SVO	SVO
kir	67	5	14	14	0	0	SOV	_
kjb	1	9	2	7	9	1	SVO	_
kjh	42	3	7	8	0	4	SOV	_
kjs	54	11	6	14	5	9	SOV	_
kki	5	35	1	1	3	6	SVO	_
kkj	5	38	2	2	3	4	SVO	_
kma	7	35	5	0	2	3	SVO	SVO
kmh	13	4	8	5	0	1	SOV	_
kmo	53	5	3	3	1	0	SOV	SOV
kmr	77	18	14	8	3	1	SOV	SOV
kms	22	7	7	8	6	2	SOV	SOV
kmu	26	7	11	12	6	1	SOV	_
kne	4	25	1	3	22	6	SVO	_
kng	9	62	6	1	1	4	SVO	SVO
knj	0	2	0	4	1	7	VOS	_
knk	39	12	3	1	3	1	SOV	_
kno	5	3	1	0	0	0	SOV	_
knv	78	13	4	5	3	0	SOV	_
kor	134	22	8	18	4	3	SOV	SOV
kpf	39	7	4	7	4	3	SOV	_
kpg	7	43	2	4	4	1	SVO	_
kpj	15	5	2	1	2	1	SOV	SOV
kpr	11	1	0	1	0	0	SOV	_
kpv	11	63	12	4	1	4	SVO	SVO
kpw	15	5	5	8	0	2	SOV	SOV
kpx	42	11	5	3	5	1	SOV	SOV
kpz	14	22	5	3	48	12	VSO	VSO
kqp	10	45	3	4	3	5	SVO	_
kqy	66	11	32	36	3	6	SOV	_
krc	62	2	6	8	2	0	SOV	SOV
kri	7	32	7	1	3	4	SVO	_
krj	5	26	5	6	58	13	VSO	_
ksd	3	69	6	1	2	0	SVO	SVO
ksr	38	16	5	4	0	1	SOV	_
kss	6	21	1	1	2	1	SVO	_
ktb	74	14	13	14	3	2	SOV	_
kto	4	16	1	1	9	1	SVO	VSO
kua	49	70	7	2	0	5	SVO	_
kub	11	38	6	0	3	4	SVO	_
kud	19	9	4	4	6	4	SOV	_
kue	92	19	12	21	4	6	SOV	SOV
kum	70	1	11	10	3	1	SOV	_
kup	27	9	8	7	1	2	SOV	SOV
kus	17	49	4	0	5	4	SVO	_
kvn	9	5	1	0	1	0	SOV	SOV
kwf	3	24	5	1	0	4	SVO	_
kwi	35	5	1	1	0	0	SOV	SOV
kwj	29	7	17	7	2	3	SOV	_
kxc	91	13	14	23	5	2	SOV	_
kyc	54	18	9	21	6	5	SOV	SOV
kyg	31	14	9	12	3	4	SOV	_
kyq	15	28	3	0	4	7	SVO	SVO
kyz	1	0	0	1	0	0	SOV	SOV
kze	32	16	2	13	8	5	SOV	_
kzf	4	26	1	7	9	5	SVO	_
lac	2	12	2	4	3	1	SVO	No dominant order
laj	6	68	7	0	9	2	SVO	SVO
las	5	27	2	2	1	2	SVO	_
lat	24	78	6	10	19	20	SVO	_
lav	147	171	37	5	7	1	SVO	SVO
lcl	3	0	4	2	0	0	OSV	_
lcm	10	62	8	2	7	6	SVO	SVO
ldi	3	17	7	0	1	1	SVO	_
lee	9	30	1	0	2	7	SVO	_
lef	18	30	7	3	5	5	SVO	SVO
leh	7	39	4	1	3	6	SVO	_
lem	28	35	3	1	2	3	SVO	_
leu	10	55	10	0	4	6	SVO	_
lew	4	29	1	2	3	8	SVO	_
lhu	29	4	11	4	0	0	SOV	SOV
lia	12	32	3	2	8	5	SVO	_
lid	3	22	2	0	0	3	SVO	_
lip	24	17	1	5	6	7	SOV	_
lit	41	98	9	8	3	1	SVO	SVO
ljp	6	59	5	2	3	3	SVO	SVO
lsm	5	42	13	0	2	2	SVO	_
luo	10	39	13	3	6	14	SVO	SVO
lus	33	8	15	9	1	1	SOV	SOV
lwo	9	17	6	4	9	6	SVO	_
maa	5	23	7	1	1	5	SVO	_
mad	8	43	6	9	4	2	SVO	_
mah	6	85	11	0	1	3	SVO	_
mai	43	6	4	7	2	2	SOV	_
maj	5	25	5	8	14	11	SVO	_
mak	1	11	3	0	18	6	VSO	_
mam	13	67	11	17	53	28	SVO	_
maq	2	4	2	1	9	5	VSO	_
mar	20	4	4	2	0	0	SOV	SOV
mau	7	42	6	1	1	2	SVO	No dominant order
mav	3	9	4	7	8	10	VOS	_
maw	3	36	2	2	3	1	SVO	_
maz	5	12	0	2	2	2	SVO	_
mbb	5	10	1	6	22	8	VSO	VSO
mbc	11	2	3	11	3	3	SOV	No dominant order
mbf	4	74	16	1	4	2	SVO	_
mbh	8	27	4	0	2	0	SVO	_
mbj	3	8	3	1	5	2	SVO	OSV
mbl	3	0	0	1	1	0	SOV	SOV
mbt	4	20	3	7	38	16	VSO	_
mcb	6	12	3	4	5	1	SVO	_
mcd	15	2	7	5	2	1	SOV	SOV
mck	5	53	7	3	3	11	SVO	_
mcn	11	44	5	2	2	1	SVO	SVO
mco	15	21	10	1	4	0	SVO	_
mcq	97	31	14	8	10	0	SOV	_
mcu	15	20	3	2	2	0	SVO	SVO
mda	10	20	4	2	3	4	SVO	_
mdy	88	12	32	20	5	4	SOV	_
med	1	0	0	0	0	0	SOV	_
mee	5	40	8	2	3	6	SVO	_
mej	3	22	1	0	1	2	SVO	SVO
mek	30	1	4	5	1	0	SOV	_
men	50	22	8	4	3	5	SOV	SOV
meq	5	14	2	0	0	3	SVO	_
meu	41	10	14	4	0	1	SOV	SOV
mfe	11	67	8	0	0	2	SVO	_
mfh	1	27	2	1	3	5	SVO	_
mfi	5	19	3	1	1	0	SVO	SVO
mfq	10	36	5	3	4	2	SVO	_
mfy	48	6	3	2	4	0	SOV	_
mfz	10	23	1	1	4	3	SVO	_
mhi	16	14	1	1	2	0	SOV	No dominant order
mhl	37	6	5	9	1	2	SOV	_
mhm	17	117	19	4	7	8	SVO	_
mhr	79	4	21	6	1	0	SOV	_
mhx	11	0	3	6	1	0	SOV	SOV
mhy	8	51	3	4	2	6	SVO	SVO
mib	1	15	1	1	21	4	VSO	_
mie	3	13	3	1	17	2	VSO	VSO
mif	3	25	2	0	1	1	SVO	SVO
mig	2	18	2	2	9	3	SVO	VSO
mih	4	9	2	3	14	4	VSO	_
mil	4	13	1	3	3	3	SVO	VSO
min	3	28	2	2	2	4	SVO	No dominant order
mio	2	10	0	1	15	6	VSO	VSO
miq	98	14	24	14	1	0	SOV	SOV
mir	7	1	6	2	1	0	SOV	_
mit	3	4	1	0	5	5	VSO	_
miz	4	9	3	5	12	2	VSO	_
mjc	2	7	2	2	6	2	SVO	_
mkd	44	73	8	14	1	8	SVO	SVO
mks	1	11	3	1	12	6	VSO	_
mlg	4	54	2	7	11	40	SVO	_
mlh	37	18	4	3	2	0	SOV	_
mlp	75	17	12	14	4	3	SOV	_
mlt	10	66	8	3	7	6	SVO	_
mmo	9	41	8	0	1	8	SVO	_
mms	7	13	2	6	14	5	VSO	_
mmx	7	46	8	1	3	6	SVO	_
mna	3	18	1	0	3	3	SVO	SVO
mnb	4	35	2	5	5	5	SVO	SVO
mnf	8	47	5	1	2	10	SVO	_
mnk	50	8	1	1	1	1	SOV	SOV
mnx	3	6	1	0	1	0	SVO	SVO
moc	4	25	4	1	3	7	SVO	SVO
mog	8	42	3	4	16	4	SVO	_
mop	0	8	1	1	0	1	SVO	_
mos	7	71	7	3	2	6	SVO	SVO
mox	29	6	9	1	2	1	SOV	_
mpm	1	6	3	4	5	3	SVO	VSO
mps	24	1	4	1	0	0	SOV	_
mpt	35	17	8	12	9	3	SOV	SOV
mpx	27	8	27	3	4	2	SOV	_
mqb	4	28	2	0	2	4	SVO	_
mqj	5	25	3	5	6	17	SVO	_
mqy	6	54	2	9	17	9	SVO	SVO
mri	5	21	5	4	38	18	VSO	VSO
mrw	10	45	3	9	55	18	VSO	_
msm	5	12	1	7	21	15	VSO	_
msy	46	4	4	2	1	1	SOV	_
mta	3	14	0	5	22	3	VSO	_
mtj	7	19	1	0	2	1	SVO	_
mto	14	10	7	3	11	2	SOV	_
mtp	0	0	0	0	0	0	SOV	_
muh	0	3	0	0	1	1	SVO	_
mur	11	18	2	2	40	6	VSO	VSO
mva	32	5	11	3	4	1	SOV	SOV
mvp	3	13	3	3	12	5	SVO	_
mwm	12	28	2	2	2	4	SVO	_
mwq	20	7	9	11	1	1	SOV	_
mwv	0	6	2	2	8	8	VSO	_
mww	7	31	6	0	4	2	SVO	_
mxb	2	8	0	5	18	7	VSO	_
mxp	7	11	4	1	5	2	SVO	_
mxq	6	20	11	3	3	3	SVO	_
mxt	4	21	1	1	8	2	SVO	_
mya	32	10	11	11	2	3	SOV	SOV
myb	11	36	6	1	3	4	SVO	SVO
myk	15	9	1	5	4	2	SOV	_
myu	3	1	1	3	1	0	SOV	SOV
myv	30	69	11	4	3	2	SVO	SVO
myx	12	43	5	2	2	6	SVO	_
myy	3	0	2	12	0	1	OVS	_
mzh	5	40	6	2	7	2	SVO	SVO
mzk	10	26	2	2	6	2	SVO	_
mzl	25	7	9	6	5	2	SOV	_
mzm	3	13	8	0	1	6	SVO	SVO
mzw	15	26	4	1	2	4	SVO	_
nab	5	1	0	2	0	0	SOV	SOV
naf	48	15	10	7	5	3	SOV	SOV
nah	10	32	7	1	3	5	SVO	_
nak	3	18	5	0	3	0	SVO	SVO
naq	52	13	17	8	4	5	SOV	SOV
nas	52	14	7	5	4	1	SOV	SOV
nbl	2	26	0	2	4	4	SVO	SVO
nca	36	11	3	4	2	2	SOV	_
nch	13	38	7	1	4	2	SVO	_
ncj	2	32	8	1	4	5	SVO	SVO
ncl	4	15	1	1	4	7	SVO	SVO
ncu	6	21	5	0	4	1	SVO	_
ndo	35	43	10	1	0	4	SVO	SVO
ndz	0	8	1	0	0	0	SVO	_
neb	6	0	0	0	1	0	SOV	_
nfr	31	11	9	4	0	1	SOV	_
ngu	18	58	17	4	10	7	SVO	_
nhe	9	34	4	3	5	2	SVO	VSO
nhg	10	34	2	3	4	2	SVO	SVO
nhi	9	42	8	0	4	3	SVO	_
nhu	7	53	9	1	2	5	SVO	SVO
nhw	14	39	3	1	4	4	SVO	_
nhy	13	34	4	3	1	0	SVO	_
nia	4	21	1	6	9	22	VOS	VOS
nii	8	3	1	0	0	0	SOV	_
nij	10	51	4	5	5	6	SVO	_
nim	4	36	2	1	5	2	SVO	_
nin	9	30	0	0	1	4	SVO	_
njm	80	4	2	3	3	0	SOV	SOV
nko	12	15	5	0	3	8	SVO	SVO
nlc	21	3	1	0	0	0	SOV	_
nld	658	380	118	29	158	11	SOV	No dominant order
nnh	10	44	1	2	3	2	SVO	_
nno	9	180	26	5	45	5	SVO	_
nnw	2	18	0	0	1	0	SVO	_
noa	12	5	2	3	2	1	SOV	_
nob	12	277	31	8	71	7	SVO	SVO
nop	29	11	6	11	5	1	SOV	_
nor	3	144	16	3	38	4	SVO	_
not	0	8	2	2	5	3	SVO	_
nou	51	11	6	14	8	2	SOV	_
npl	9	34	7	2	4	4	SVO	_
npy	8	21	1	4	4	3	SVO	_
nsn	7	30	1	2	7	7	SVO	SVO
nso	38	87	10	5	3	10	SVO	SVO
ntp	10	40	8	6	17	12	SVO	VSO
ntr	6	25	4	0	6	6	SVO	_
nus	51	30	7	3	7	6	SOV	No dominant order
nvm	27	14	6	3	3	3	SOV	_
nwi	7	32	8	1	1	2	SVO	_
nya	10	102	14	7	5	10	SVO	SVO
nyf	2	41	5	1	4	7	SVO	_
nyn	6	35	6	0	2	3	SVO	SVO
nyo	6	33	1	2	2	1	SVO	SVO
nyy	7	40	7	1	4	5	SVO	_
obo	8	42	8	2	1	2	SVO	_
ojs	7	14	5	5	9	1	SVO	_
okv	39	17	13	25	7	4	SOV	SOV
old	9	38	5	4	4	6	SVO	SVO
omw	26	6	7	2	3	1	SOV	_
ong	8	24	6	2	4	2	SVO	SVO
ood	31	42	16	4	16	7	SVO	SOV
opm	21	9	8	14	7	1	SOV	SOV
oss	40	33	14	9	1	4	SOV	SOV
ote	11	32	5	2	3	2	SVO	VOS
otm	4	20	1	3	1	2	SVO	_
otn	4	11	4	2	3	2	SVO	_
otq	7	21	4	4	2	4	SVO	_
ots	3	7	3	2	3	2	SVO	_
ozm	6	19	1	0	0	4	SVO	_
pab	16	26	4	8	5	5	SVO	_
pad	7	7	1	2	2	1	SOV	SVO
pag	6	20	2	4	44	15	VSO	VSO
pah	6	9	1	2	2	0	SVO	_
pam	4	30	6	10	40	24	VSO	_
pao	42	11	5	4	3	2	SOV	SOV
pap	22	20	10	2	5	4	SOV	_
pbb	36	6	6	15	3	1	SOV	SOV
pbc	34	7	3	22	1	2	SOV	_
pbi	5	9	1	7	18	5	VSO	VSO
pcm	8	58	9	3	1	2	SVO	_
pdt	69	45	11	3	25	0	SOV	_
pes	113	15	16	44	8	8	SOV	SOV
pib	2	26	2	1	2	3	SVO	SOV
pio	6	10	4	1	1	0	SVO	_
pir	16	4	5	8	2	1	SOV	_
pis	3	28	1	0	1	0	SVO	_
pkb	6	24	2	2	3	1	SVO	_
plg	1	18	0	7	1	6	SVO	SVO
pls	5	32	1	4	12	3	SVO	_
plt	3	68	1	3	8	46	SVO	VOS
pmf	14	50	6	4	14	10	SVO	_
pne	4	24	3	2	5	7	SVO	_
pob	2	8	2	4	1	4	SVO	_
poe	4	27	6	5	16	7	SVO	_
poh	8	29	4	5	3	8	SVO	_
poi	9	31	0	2	3	7	SVO	SVO
pol	154	230	50	32	38	44	SVO	SVO
por	265	432	78	22	68	37	SVO	SVO
ppk	3	23	1	3	5	2	SVO	_
ppo	16	3	6	3	2	0	SOV	SOV
prf	4	24	4	10	37	13	VSO	_
pri	0	21	3	0	1	5	SVO	_
prk	8	62	5	4	8	2	SVO	_
prs	131	18	17	46	5	6	SOV	_
pse	6	48	3	3	1	1	SVO	_
ptp	8	34	5	1	1	2	SVO	SVO
ptu	10	19	1	3	9	6	SVO	_
pwg	40	18	15	4	5	4	SOV	SOV
qej	10	5	7	6	2	2	SOV	_
qub	36	9	13	6	5	3	SOV	_
quc	10	42	4	6	8	11	SVO	_
quf	18	5	0	1	2	0	SOV	_
qug	26	1	4	2	0	0	SOV	_
quh	37	6	3	1	2	0	SOV	_
quj	3	21	0	3	2	7	SVO	_
qul	40	2	8	2	1	0	SOV	_
qup	25	11	2	2	3	0	SOV	_
qut	5	26	2	2	4	4	SVO	_
quw	71	3	5	4	0	0	SOV	_
quy	40	19	10	7	7	1	SOV	_
quz	38	6	2	5	1	1	SOV	_
qvc	9	1	5	0	0	1	SOV	_
qve	23	4	3	2	2	0	SOV	_
qvh	9	2	6	3	1	2	SOV	SOV
qvi	9	0	3	2	0	0	SOV	SOV
qvm	10	10	10	2	2	3	SOV	_
qvn	8	7	1	2	2	0	SOV	_
qvo	45	2	5	3	3	2	SOV	_
qvs	24	11	6	8	3	3	SOV	_
qvw	13	8	5	2	7	5	SOV	_
qvz	48	2	12	11	3	1	SOV	_
qwh	15	4	7	2	4	0	SOV	_
qxh	10	0	3	0	2	0	SOV	_
qxn	16	3	4	5	2	2	SOV	_
qxo	13	5	7	6	2	3	SOV	_
qxr	24	3	4	4	1	1	SOV	_
rai	1	36	3	0	2	2	SVO	_
rim	9	55	4	2	3	6	SVO	SVO
rkb	11	3	1	3	2	2	SOV	SOV
rmo	10	21	6	0	11	0	SVO	_
rmy	19	135	8	5	14	19	SVO	_
ron	34	77	10	14	7	3	SVO	SVO
roo	18	4	2	2	1	2	SOV	_
rop	4	24	5	1	6	2	SVO	_
rro	64	15	7	12	5	1	SOV	_
run	4	31	5	0	3	5	SVO	_
rus	35	309	53	16	32	22	SVO	SVO
rwo	23	0	0	1	0	0	SOV	SOV
sab	2	4	3	0	0	1	SVO	_
sag	4	46	2	0	1	2	SVO	SVO
sas	3	51	4	2	6	3	SVO	_
sba	28	62	14	3	5	4	SVO	SVO
sbd	29	9	1	2	5	0	SOV	_
sbl	8	36	1	14	27	11	SVO	_
sda	2	30	3	7	18	11	SVO	_
sey	21	5	11	5	1	1	SOV	_
sgb	2	12	1	3	19	5	VSO	_
sgw	63	16	12	13	6	3	SOV	SOV
sgz	5	35	8	0	3	3	SVO	_
shi	1	13	0	0	12	3	SVO	No dominant order
shk	8	25	1	21	2	8	SVO	SVO
shp	22	6	10	1	3	2	SOV	SOV
shu	7	57	6	0	2	6	SVO	_
sig	5	16	4	2	0	4	SVO	_
sil	11	20	5	0	1	5	SVO	_
sim	14	7	11	4	3	2	SOV	_
sja	30	8	2	4	2	1	SOV	SOV
sld	15	33	0	2	3	1	SVO	SVO
slk	38	72	22	8	14	5	SVO	_
sll	13	2	3	5	1	1	SOV	SOV
slv	33	48	24	6	17	8	SVO	SVO
sme	5	127	23	2	1	3	SVO	SVO
smk	4	15	3	6	27	14	VSO	_
sml	4	10	3	9	19	8	VSO	_
smo	0	6	0	1	8	5	VSO	No dominant order
sna	5	54	2	1	3	8	SVO	SVO
snc	34	3	9	3	0	0	SOV	SOV
snd	126	11	17	11	6	9	SOV	_
snn	6	0	0	6	1	0	SOV	_
snp	69	16	19	24	12	9	SOV	SOV
sny	23	2	1	0	0	0	SOV	_
som	81	42	20	4	2	1	SOV	SOV
soq	42	5	7	5	2	0	SOV	_
soy	59	17	12	9	2	6	SOV	_
spa	217	366	71	73	80	40	SVO	SVO
spp	14	7	2	6	2	1	SOV	SOV
sps	3	51	2	5	5	4	SVO	SVO
spy	8	6	3	1	3	3	SOV	_
sri	17	0	1	1	1	2	SOV	_
srm	1	14	1	0	1	1	SVO	_
srn	5	41	8	0	2	1	SVO	_
srp	47	79	29	4	12	6	SVO	_
srq	6	4	3	2	0	1	SOV	SOV
ssd	52	15	16	10	2	0	SOV	SOV
ssg	7	44	8	1	0	4	SVO	_
sso	36	111	18	3	4	13	SVO	_
ssw	2	14	0	1	3	0	SVO	No dominant order
ssx	0	0	0	1	0	0	OVS	_
stn	14	37	8	1	6	1	SVO	_
stp	2	6	3	5	2	1	SVO	_
sua	1	10	0	0	4	2	SVO	SVO
sue	48	8	5	9	3	3	SOV	SOV
suk	0	11	0	1	2	1	SVO	SVO
sun	5	35	12	4	1	6	SVO	SVO
sur	3	43	6	0	2	1	SVO	SVO
sus	45	11	2	1	0	2	SOV	SOV
swe	82	706	94	22	159	32	SVO	SVO
swg	67	49	16	3	19	7	SOV	_
swh	9	38	6	1	4	10	SVO	SVO
swk	8	46	0	1	9	2	SVO	_
swp	29	10	31	4	0	2	OSV	_
sxb	15	40	8	0	8	14	SVO	_
sxn	12	54	5	3	2	3	SVO	_
szb	32	8	3	4	1	1	SOV	_
tab	53	3	5	10	1	0	SOV	_
tac	2	2	0	1	0	0	SOV	SOV
taq	3	7	3	3	6	5	SVO	VSO
tar	9	21	2	2	1	1	SVO	SOV
tat	71	1	4	10	1	1	SOV	SOV
tav	5	2	2	3	1	1	SOV	_
tbc	50	5	8	4	3	1	SOV	SOV
tbg	34	8	5	1	4	1	SOV	SOV
tbo	20	11	32	6	4	3	OSV	SOV
tby	1	2	0	0	0	0	SVO	_
tbz	25	48	2	1	4	4	SVO	_
tca	15	16	4	4	6	1	SVO	No dominant order
tcc	8	29	1	5	15	7	SVO	_
tcw	10	3	3	8	1	2	SOV	_
tcz	39	4	5	17	4	3	SOV	_
tee	8	23	4	2	9	5	SVO	No dominant order
tem	3	85	15	0	0	3	SVO	SVO
teo	2	44	2	2	39	9	SVO	VSO
ter	3	3	2	0	4	7	VOS	_
tfr	7	1	5	8	1	4	OVS	SOV
tgk	52	2	9	11	0	0	SOV	SOV
tgl	12	73	11	29	130	33	VSO	VSO
tgp	14	55	4	0	4	4	SVO	_
thk	9	28	4	2	6	5	SVO	_
tih	6	35	2	5	31	8	SVO	VSO
tik	11	24	2	1	2	0	SVO	No dominant order
tim	25	12	6	13	9	5	SOV	_
tir	53	12	9	32	7	2	SOV	SOV
tku	7	36	7	2	1	6	SVO	_
tlb	5	41	4	0	10	5	SVO	SOV
tlf	6	2	2	3	0	0	SOV	SOV
tna	32	7	6	3	2	1	SOV	No dominant order
tob	8	17	3	2	0	1	SVO	No dominant order
toc	9	20	2	1	5	5	SVO	_
toh	32	56	4	4	0	2	SVO	_
toj	3	7	2	0	1	2	SVO	_
too	5	34	4	3	1	5	SVO	SVO
top	10	25	6	3	5	2	SVO	_
tos	5	17	4	2	5	4	SVO	_
tot	9	36	10	3	3	8	SVO	_
tpi	2	30	3	0	1	2	SVO	_
tpm	6	26	5	1	1	2	SVO	_
tpt	13	29	5	1	5	7	SVO	SVO
tpz	5	25	4	1	3	1	SVO	_
trc	0	4	0	0	9	2	VSO	VSO
trn	6	32	6	3	7	8	SVO	_
trq	1	12	0	3	12	5	SVO	_
tsn	22	51	6	1	2	2	SVO	_
tso	23	49	3	3	2	2	SVO	_
tsw	8	44	7	0	3	4	SVO	_
tsz	39	13	13	4	1	1	SOV	SVO
ttc	10	47	5	7	4	11	SVO	_
tte	32	8	6	7	9	9	SOV	_
tuc	8	34	5	0	1	4	SVO	_
tue	26	3	3	3	0	0	SOV	SOV
tuf	16	1	2	0	1	0	SOV	_
tum	8	60	6	4	1	8	SVO	_
tuo	17	4	1	3	3	1	SOV	_
twi	17	31	4	1	0	5	SVO	_
twu	5	31	2	2	2	0	SVO	_
txu	6	4	6	1	1	3	SOV	SOV
tyv	111	9	21	44	0	3	SOV	SOV
tzj	20	61	10	5	14	10	SVO	No dominant order
tzo	14	59	9	5	13	16	SVO	_
ubr	58	13	7	3	1	0	SOV	_
udu	11	68	2	4	4	2	SVO	_
uig	115	10	13	25	11	5	SOV	SOV
ukr	39	83	23	15	34	16	SVO	SVO
upv	8	40	3	2	1	9	SVO	_
ura	7	0	1	5	1	1	SOV	OVS
urb	2	2	4	1	1	0	OSV	SOV
usa	27	14	9	6	5	4	SOV	SOV
usp	10	36	5	5	4	9	SVO	_
uvl	6	44	7	0	4	3	SVO	_
uzb	63	2	6	9	1	2	SOV	_
vag	14	32	7	1	3	4	SVO	_
ven	24	37	9	3	5	2	SVO	SVO
vie	9	121	9	0	10	7	SVO	SVO
viv	35	5	7	4	1	0	SOV	SOV
vmy	8	35	5	7	7	6	SVO	_
vun	2	36	4	1	1	5	SVO	_
waj	43	12	7	4	4	2	SOV	_
wal	76	6	14	4	0	0	SOV	SOV
wap	7	18	1	2	2	1	SVO	_
war	3	26	4	1	52	18	VSO	_
way	3	2	2	10	2	3	OVS	_
wbm	8	58	4	4	5	2	SVO	_
wca	2	2	0	0	0	0	SOV	_
wer	56	14	21	10	3	3	SOV	_
wim	6	9	2	0	1	0	SVO	SOV
wiu	37	12	13	19	1	6	SOV	_
wmw	9	45	1	0	3	5	SVO	_
wnc	29	11	7	8	7	2	SOV	_
wnu	24	11	6	13	3	3	SOV	SOV
wob	2	3	0	0	1	0	SVO	_
wol	16	47	9	1	12	5	SVO	SVO
wos	21	7	4	5	5	0	SOV	SOV
wrs	10	12	2	0	1	0	SVO	_
wuv	4	52	7	3	2	11	SVO	_
wwa	24	38	1	0	0	4	SVO	SVO
xal	48	4	7	3	4	1	SOV	_
xav	0	0	1	1	0	0	OSV	_
xbr	1	10	1	0	1	7	SVO	_
xho	1	22	0	1	0	4	SVO	SVO
xkl	6	45	3	1	6	6	SVO	_
xla	33	7	4	6	3	2	SOV	_
xon	12	56	0	7	2	13	SVO	_
xrb	16	4	3	1	0	0	SOV	_
xsi	6	20	4	0	2	1	SVO	SVO
xsm	5	22	2	1	1	1	SVO	SVO
xsu	3	1	0	0	1	0	SOV	SOV
xtd	4	9	1	2	11	5	VSO	_
xtm	1	8	1	2	11	2	VSO	_
yaa	19	9	4	0	4	3	SOV	SOV
yad	0	19	0	2	8	2	SVO	No dominant order
yal	48	9	1	3	3	0	SOV	_
yam	9	33	6	2	4	5	SVO	_
yan	40	5	5	9	1	1	SOV	_
yaq	13	2	7	3	0	1	SOV	SOV
yby	55	9	14	22	6	6	SOV	_
ycn	6	9	1	0	0	2	SVO	SVO
yle	5	0	4	1	0	1	SOV	SOV
yli	43	11	8	21	9	10	SOV	_
yon	35	9	8	8	1	3	SOV	SOV
yor	10	64	13	1	1	3	SVO	SVO
yss	70	6	4	3	1	1	SOV	_
yua	8	50	9	10	4	5	SVO	_
yuj	31	2	7	4	0	0	SOV	SOV
yut	33	11	3	13	1	1	SOV	_
yuw	38	11	3	4	2	0	SOV	_
yuz	2	7	0	0	2	1	SVO	_
yva	20	13	4	1	1	4	SOV	_
zab	8	34	4	3	16	4	SVO	_
zac	5	22	2	1	17	9	SVO	_
zad	8	22	3	3	11	8	SVO	_
zai	3	17	1	6	30	8	VSO	VSO
zam	0	6	1	2	2	1	SVO	_
zao	2	18	0	2	8	4	SVO	_
zar	6	20	3	3	12	6	SVO	_
zas	3	30	0	4	21	10	SVO	_
zat	11	29	1	1	8	8	SVO	_
zav	3	24	1	4	14	4	SVO	_
zaw	4	20	1	5	12	5	SVO	VSO
zca	0	6	0	1	13	1	VSO	_
zia	42	10	12	13	3	8	SOV	_
zlm	12	254	24	15	49	13	SVO	_
zom	49	5	20	16	3	0	SOV	_
zos	7	23	1	3	5	2	SVO	_
zpc	6	10	2	3	13	3	VSO	_
zpi	1	6	2	3	27	4	VSO	_
zpl	6	27	0	1	18	5	SVO	_
zpm	1	7	1	0	5	2	SVO	_
zpo	2	14	0	3	9	2	SVO	_
zpq	3	18	6	1	6	6	SVO	VSO
zpu	4	12	1	2	14	4	VSO	_
zpv	4	13	1	5	11	10	SVO	_
zpz	1	13	4	5	12	4	SVO	_
zsr	2	12	0	2	4	18	VOS	_
ztq	4	31	5	9	15	6	SVO	_
zty	4	16	4	0	8	8	SVO	_
zul	1	26	2	1	5	2	SVO	SVO
